timestamp,PC1,PC2,PC3,PC4,PC5,log_event_count,anomaly,anomaly_score,is_anomaly
2019-11-19 18:38:00,-0.8600130170628416,-0.21685368649954606,0.3822104485439681,-0.08291850661191934,0.032890173183982956,73,1,0.05310930238721878,0
2019-11-19 18:39:00,-0.8311995847502931,-0.08049467242112002,0.30744234712284696,0.007383807080535556,0.006165688108423294,155,1,0.13063126722783414,0
2019-11-19 18:40:00,-0.8129681667651395,0.01891204692625222,0.17333632184010692,0.18355635518930846,-0.026093575891625927,138,1,0.13328163149839045,0
2019-11-19 18:41:00,-0.849417023813586,0.04951200197170032,0.14706365090896362,0.13152104052813768,0.0021320817307387435,105,1,0.1456847927675029,0
2019-11-19 18:42:00,-0.9090522715274341,0.01747834351207704,0.21123437936915826,0.05094653020959429,0.02485861051634545,143,1,0.144593083698271,0
2019-11-19 18:43:00,-0.8447069570045719,0.005068071401322508,0.16767105542824884,0.11513093498919248,0.007354825235403143,143,1,0.14670943793014335,0
2019-11-19 18:44:00,-0.8453241805059567,-0.004095127127047148,0.18444431724102728,0.08943748306802402,0.02003395837997622,146,1,0.14471601864204175,0
2019-11-19 18:45:00,-0.732640517990493,0.044182963734635844,0.17734350947107827,0.11562064822887863,0.01414650387341751,117,1,0.1631644098255719,0
2019-11-19 18:46:00,-0.654525080397407,0.06775704543599204,0.20038992030790226,0.0952329114499761,0.02204743106808884,111,1,0.16340792095253748,0
2019-11-19 18:47:00,-0.6624611853811426,0.052895340967543066,0.21841509346312593,0.07603536079429295,0.027821140546924798,138,1,0.1675305946519715,0
2019-11-19 18:48:00,-0.5493916420806026,0.030202033342372852,0.21087676523386817,0.15054521020885336,0.01133273368187991,148,1,0.16568941472768478,0
2019-11-19 18:49:00,-0.6001984091442841,0.026519311204410864,0.22814461658876184,0.08952576053530228,0.0322862026582973,149,1,0.16632716975925216,0
2019-11-19 18:50:00,-0.5528804457526947,0.04230979333938855,0.17011615340640493,0.13456824306256326,0.023217361730619137,141,1,0.16475330843691766,0
2019-11-19 18:51:00,-0.542548644254488,0.03514026243989212,0.1581849869506274,0.12693386078408397,0.027146972524398932,131,1,0.16691735756472592,0
2019-11-19 18:52:00,-0.3902823730941961,0.02459917168968026,0.0965800155679612,0.242084757860134,0.008126517841574678,144,1,0.11196863090380216,0
2019-11-19 18:53:00,-0.2869390330812773,-0.07474845562604832,0.19894002932197966,0.23590685850002763,0.02788668479791333,136,1,0.10960959194117958,0
2019-11-19 18:54:00,-0.45941605372624034,0.029245602634939125,0.10446418111466464,0.10309807390035655,0.06393341073497821,127,1,0.12852601646862982,0
2019-11-19 18:55:00,-0.5224045064452719,0.034681830897376496,0.15668953661135776,0.027229711086093893,0.07652687826596884,143,1,0.13494828269258702,0
2019-11-19 18:56:00,-0.5636306071296625,0.06078071978506503,0.13247070961159194,0.01661702872342366,0.06644113960136358,115,1,0.15018303307237102,0
2019-11-19 18:57:00,-0.6467683895721708,0.04039087247453679,0.20643848636188383,-0.06058174609506811,0.0696906884002494,129,1,0.14574215678545366,0
2019-11-19 18:58:00,-0.6355797193709243,0.03301667228789597,0.20621056102305782,-0.014206641692375512,0.0399477389013952,140,1,0.16194075737239644,0
2019-11-19 18:59:00,-0.6248579815417794,0.02116492112597694,0.22860049466488774,-0.012371288032980486,0.03355862663796839,150,1,0.16433478723919154,0
2019-11-19 19:00:00,-0.5505135011892802,0.03631064597317696,0.1560541904784622,0.0916104391589734,-0.0010485724791436538,141,1,0.16304778439893258,0
2019-11-19 19:01:00,-0.37144766828492,0.02233419227036198,0.08696548133546615,0.21525223384489922,-0.013189395359613389,151,1,0.11562219305946841,0
2019-11-19 19:02:00,-0.5920715319199193,0.04808138619239479,0.15601309824147527,-0.001907481298933655,0.045398541313721535,114,1,0.16463167501143827,0
2019-11-19 19:03:00,-0.659668067969752,0.05461222139589429,0.18348285049476293,-0.04948717179552733,0.04528349335231402,108,1,0.15901969491800794,0
2019-11-19 19:04:00,-0.583900362884002,0.036368663534793386,0.1621028206689077,0.03393763181683907,0.016235074381271534,117,1,0.17024731402387316,0
2019-11-19 19:05:00,-0.6026048191134338,0.0168859956118726,0.219262930313208,-0.0021198089913952957,0.02296585026174817,151,1,0.17018530587136305,0
2019-11-19 19:06:00,-0.631188360750489,-0.017896076722428284,0.25843503309840643,-0.015768900278841664,0.019393855601519308,151,1,0.16092446730870347,0
2019-11-19 19:07:00,-0.5734277517178925,0.008838588579802712,0.178808257251789,0.06235152168094892,-0.0014950019067985925,140,1,0.1703533737502017,0
2019-11-19 19:08:00,-0.5713879402278885,0.022574112532557984,0.1767997105438387,0.05425695110079949,0.004253831663752271,148,1,0.17063380546777812,0
2019-11-19 19:09:00,-0.5787845525380675,0.006699698372998902,0.19300979428358547,0.04657103921580313,0.008573989251067747,148,1,0.16999063896884914,0
2019-11-19 19:10:00,-0.5501770752637023,0.048027035931430394,0.12317592185016005,0.08930684368781593,0.0007427071435500367,111,1,0.16127616280756063,0
2019-11-19 19:11:00,-0.5671352623794694,0.01660135128310832,0.17317021997301654,0.05080575464922833,0.012528026074779472,139,1,0.16976530500750575,0
2019-11-19 19:12:00,-0.5273382217473004,0.048606782069625404,0.11036633113581218,0.09682797379448563,0.004729586870506586,116,1,0.1543558745706029,0
2019-11-19 19:13:00,-0.5992469430882154,0.025331086916816098,0.17870502965908278,0.005059176583938935,0.02934584363917133,139,1,0.1644777208876575,0
2019-11-19 19:14:00,-0.5379175732589611,0.01743828862690481,0.16705607054400684,0.0653748802231523,0.012085936044866075,153,1,0.16467437887063885,0
2019-11-19 19:15:00,-0.6056991897177075,0.022570802908092064,0.18811987137448768,-0.001505199624783072,0.027435862466505142,148,1,0.16400076279577291,0
2019-11-19 19:16:00,-0.46269720620150007,0.028266054647339018,0.10441395262009508,0.14297767751211957,-0.01037640221441728,130,1,0.14826304857975348,0
2019-11-19 19:17:00,-0.5499134505489854,0.04797769047172375,0.11473265619041202,0.04370832376257139,0.023001846665007618,95,1,0.1463145047113834,0
2019-11-19 19:18:00,-0.6633781758876897,0.04190071194049096,0.1719285318505172,-0.055139881450362985,0.04031988785731943,97,1,0.15171134975336903,0
2019-11-19 19:19:00,-0.685507736270609,0.02259453299637779,0.2116851259659825,-0.0609162121300669,0.027336223300491583,123,1,0.16830578775718086,0
2019-11-19 19:20:00,-0.508232777208189,0.016371177448930848,0.1401090850386439,0.11018178813886628,-0.018353458431121124,137,1,0.15918966182182426,0
2019-11-19 19:21:00,-0.44049018179416405,-0.0286364313135367,0.14497398842719972,0.14339383978375125,-0.014204053782256094,154,1,0.13454148585404474,0
2019-11-19 19:22:00,-0.4627260423226007,0.004889924907737678,0.11350948062280607,0.11365481941960232,0.004468114463679534,140,1,0.15165885769927873,0
2019-11-19 19:23:00,-0.5130624496297218,0.035816452453892755,0.09354178362843966,0.06417511012213038,0.01955637335907409,93,1,0.13332444991056897,0
2019-11-19 19:24:00,-0.5754648577548106,0.057264941551521925,0.11531401860009399,-0.001262304800175218,0.0347663392994637,89,1,0.1440772114138536,0
2019-11-19 19:25:00,-0.6639627642608469,0.0644859665044074,0.12702117304198107,-0.05353282156296944,0.03560318761548858,74,1,0.13708023421419607,0
2019-11-19 19:26:00,-0.6611750521047673,0.07304484709058622,0.12337009013108534,-0.030931875453215452,0.021072279212394244,67,1,0.14866712726746428,0
2019-11-19 19:27:00,-0.7605571376102195,0.10686899956904158,0.11797981345529279,-0.08815228984160928,0.026153421451796017,31,1,0.12252132163312657,0
2019-11-19 19:28:00,-0.7785824711448689,0.10454267460178145,0.1364575143605414,-0.08138075403039195,0.009653959137309674,31,1,0.13338901655004626,0
2019-11-19 19:29:00,-0.8597570408950483,0.09896038495947568,0.17606107220410838,-0.12765905966359412,0.009157017847114092,22,1,0.13426326431768432,0
2019-11-19 19:30:00,-0.9896624270449866,0.11635352070549138,0.22531000398730439,-0.20741622904627519,0.014270043297090806,12,1,0.13421894911673155,0
2019-11-19 19:31:00,-1.0162106696010251,0.07766360987191213,0.27071417812152293,-0.1793573272717436,-0.010596443621169625,47,1,0.13092246450619172,0
2019-11-19 19:32:00,-0.9949635743280555,0.027261253886419975,0.3412957263702687,-0.14602911557184708,-0.03142603758315029,122,1,0.1243974182594551,0
2019-11-19 19:33:00,-0.9553835145238001,0.050460672270473475,0.2839377635887847,-0.055045399406962126,-0.05649656910552557,96,1,0.1278984296167366,0
2019-11-19 19:34:00,-0.7161162570908164,0.026730352102207828,0.20135520418702074,0.15568390548122893,-0.09601872858367791,105,1,0.11989994352999545,0
2019-11-19 19:35:00,-0.8170101988096566,0.044933472059489304,0.230009721740406,0.03800433812212827,-0.04539941692875923,96,1,0.14169892051823452,0
2019-11-19 19:36:00,-0.8598424775084088,0.05458447431944857,0.22053439432935398,0.006302069960453743,-0.031034574033477928,60,1,0.1442048945222656,0
2019-11-19 19:37:00,-0.8508650138608806,0.015268084655444145,0.298045372464013,-0.010990982057781037,-0.02274586134847487,139,1,0.15570578789572131,0
2019-11-19 19:38:00,-0.7538895522172832,0.0043635745442265885,0.24874354543908048,0.08288954473509928,-0.039374805941379806,145,1,0.15028763545049523,0
2019-11-19 19:39:00,-0.7498125174509764,0.024960444554766325,0.21727144865013232,0.0899051016029032,-0.031936238832955696,122,1,0.16491641883116132,0
2019-11-19 19:40:00,-0.7965531820504321,0.019891217250892882,0.24206594433601128,0.02010118428268674,-0.005411969417901678,110,1,0.1746316897246718,0
2019-11-19 19:41:00,-0.7516261609330531,0.01913308759924993,0.2234179676909917,0.06943125667698584,-0.015923371206370825,120,1,0.17429150598330434,0
2019-11-19 19:42:00,-0.7219729865627162,0.03380183266761025,0.1767030586009438,0.09909115454629287,-0.01634182099313151,87,1,0.14749672798506175,0
2019-11-19 19:43:00,-0.6794996067992737,0.025318023739517245,0.17640384360659261,0.11298216594289116,-0.009873985859073632,104,1,0.168577324114923,0
2019-11-19 19:44:00,-0.7289725178372578,0.031876538505365336,0.20036827839183266,0.048960158755233504,0.012254643647932877,111,1,0.173524305166169,0
2019-11-19 19:45:00,-0.6799642913754446,-0.06752253201003586,0.3543803458368499,0.022788595803363773,0.020433625061816223,193,1,0.11946639761645617,0
2019-11-19 19:46:00,-0.7709193258549959,-0.05012826267097597,0.3638186784006806,-0.0433516066969411,0.03041823954149693,111,1,0.14168313979535313,0
2019-11-19 19:47:00,-0.8197721385538682,-0.052153102696170406,0.4061141479852461,-0.07085906477238706,0.02543222658203119,112,1,0.1409306847599589,0
2019-11-19 19:48:00,-0.8675135084777243,-0.052310083459120006,0.41674894210512725,-0.0806452579696573,0.015835243270306058,114,1,0.13774244665122448,0
2019-11-19 19:49:00,-0.8686042804852926,-0.0487090743735455,0.42687148845429773,-0.06455525115235027,0.004034066211060473,112,1,0.14041783592999596,0
2019-11-19 19:50:00,-0.8446009869559441,-0.0477385263507239,0.4028748445153081,-0.006299010659131622,-0.016434346692970035,112,1,0.14465248604997227,0
2019-11-19 19:51:00,-0.713173697676757,-0.05719869578716627,0.3598187226923663,0.10558973825906091,-0.03827986918325815,112,1,0.13299884907902926,0
2019-11-19 19:52:00,-0.683310458610062,-0.047105679991831635,0.3331218267248863,0.11757756941960545,-0.027112919714953665,115,1,0.15737679085986528,0
2019-11-19 19:53:00,-0.652064139708672,-0.04931573653039581,0.31032441599849336,0.13402662180186906,-0.021941346974475657,110,1,0.15292562689169792,0
2019-11-19 19:54:00,-0.6401818385918728,-0.04498065857569923,0.3092346187084095,0.11848626873681084,-0.005508443486306452,114,1,0.16592668941337757,0
2019-11-19 19:55:00,-0.6659362764162221,-0.05908561463309413,0.33937197165376914,0.07098361732605989,0.010117564049104431,106,1,0.15214161649947677,0
2019-11-19 19:56:00,-0.5684010553578903,-0.04667208495109616,0.2642518343842421,0.16558916303935137,-0.007442486815204134,112,1,0.14814311680528658,0
2019-11-19 19:57:00,-0.6547107786579536,-0.04999596381563231,0.31500684844351384,0.04887519872430732,0.02946326799234927,114,1,0.1630171627768936,0
2019-11-19 19:58:00,-0.7129811569391675,-0.04154922875174763,0.3360097395043091,0.001338885013635048,0.03470439908036761,112,1,0.15333577967535783,0
2019-11-19 19:59:00,-0.797902292788726,-0.044375002770804035,0.3710687416013655,-0.04921622759406626,0.03740697680697694,111,1,0.1411318227308218,0
2019-11-19 20:00:00,-0.7569699287797598,-0.05042576177737626,0.37348239431910807,-0.009847717094177835,0.01936906058086267,115,1,0.15173334468799238,0
2019-11-19 20:01:00,-0.7257281439489028,-0.045917187669176344,0.3417554448488335,0.04599829257625175,0.0007437244061546556,113,1,0.16521255075079083,0
2019-11-19 20:02:00,-0.6790216270139758,-0.04949408182380094,0.3250456324655622,0.08268301916504998,-0.0033579341801746394,111,1,0.16155372063557444,0
2019-11-19 20:03:00,-0.7100132590260204,-0.04483758917715092,0.3327443635047862,0.0479886023701496,0.009816099331576376,114,1,0.16631020608458214,0
2019-11-19 20:04:00,-0.8228959207980426,-0.04559465654854459,0.39652474558332096,-0.05477635908948204,0.03101884867521989,112,1,0.1401893957832679,0
2019-11-19 20:05:00,-0.932312075477403,-0.044790248081239686,0.4491119386432664,-0.12337671703259206,0.03374420311005487,109,1,0.114234544507467,0
2019-11-19 20:06:00,-0.921333424508139,-0.05028344436857031,0.45174859896185315,-0.07746216357603307,0.008105847656316481,112,1,0.12852567395057563,0
2019-11-19 20:07:00,-0.8753849527045882,-0.05225192913017626,0.4204822319283537,-0.004343905006548027,-0.015061325134928145,112,1,0.1323851928025651,0
2019-11-19 20:08:00,-0.9389850735946947,-0.04409961292049339,0.44787352089841986,-0.05702661144072373,-0.0032734513864454474,112,1,0.12845840530736613,0
2019-11-19 20:09:00,-0.9035013530718183,-0.047014698183700944,0.42920493738667453,0.009097253647193089,-0.02504492139410593,112,1,0.126819787487707,0
2019-11-19 20:10:00,-0.8206054518468412,-0.04705490454138565,0.3849683889896146,0.08837298623811034,-0.035410011041262665,110,1,0.1370202584048033,0
2019-11-19 20:11:00,-0.8418268984450135,-0.043467241375354904,0.3909865085300648,0.061573318154110185,-0.020286867202045623,107,1,0.14572529672253504,0
2019-11-19 20:12:00,-0.8753258681565181,-0.043718194776844306,0.3989900574788305,0.03122407833004617,-0.006412942846475772,109,1,0.1447107142683094,0
2019-11-19 20:13:00,-0.9378411674481765,-0.007425461749680039,0.35005621661093345,0.008218070144051728,-0.0027689521630334564,135,1,0.14111730426110314,0
2019-11-19 20:14:00,-1.1077667687775576,0.10450724339951808,0.22683675299132658,-0.04658799640231389,0.0070148101655861704,4,1,0.14699043450461208,0
2019-11-19 20:15:00,-1.049075116744409,0.10151822961140433,0.19869706247137628,0.0228486849584007,-0.011827534997016874,4,1,0.14195245560661884,0
2019-11-19 20:16:00,-1.1925321316208413,0.10129378458374949,0.2844593988772196,-0.10993379156843146,0.014973944769175577,4,1,0.14898443242549397,0
2019-11-19 20:17:00,-1.2023120817597028,0.10360508699698101,0.2775904797740218,-0.07264531768053153,-0.006613387849390581,4,1,0.15302656993852914,0
2019-11-19 20:18:00,-1.2494091704161447,0.10334120260492667,0.3000014170925822,-0.09171432488048985,-0.006781053180136502,4,1,0.14398514376912336,0
2019-11-19 20:19:00,-1.2174051675766018,0.09146274427153404,0.28262779073164485,-0.021601535481444337,-0.0296639663914824,4,1,0.1510242556361278,0
2019-11-19 20:20:00,-1.1725450490808513,0.09526174320307848,0.2600640280264454,0.02559210501983037,-0.03743814734695408,4,1,0.140402526883887,0
2019-11-19 20:21:00,-1.2361901942086255,0.10061003731048879,0.28821392825725706,-0.03261418391825865,-0.0197769292901435,4,1,0.14825612967984825,0
2019-11-19 20:22:00,-1.22912362927124,0.09971099716365141,0.2871470754135777,-0.009536510601940952,-0.02723957805859471,4,1,0.15420955161592897,0
2019-11-19 20:23:00,-1.2726736454259,0.09896214890812786,0.29733983285514115,-0.024677081173470897,-0.024290929121563568,4,1,0.1480136855625968,0
2019-11-19 20:24:00,-1.2438203240412407,0.09561406232768654,0.2815851303045176,0.01890847476511823,-0.03233899622574945,4,1,0.14664284437243053,0
2019-11-19 20:25:00,-1.2208958656728963,0.09410288355078895,0.27622197859271763,0.03483883957168609,-0.029594440987562892,4,1,0.14456157046194112,0
2019-11-19 20:26:00,-1.2501470722056354,0.08686295126580167,0.3014337746624809,0.009734387917016236,-0.02003371178561569,4,1,0.15075413351455413,0
2019-11-19 20:27:00,-1.2243731066737178,0.07096521076874497,0.3261174005485966,0.027139982638035336,-0.022939694915431776,4,1,0.14365578386040662,0
2019-11-19 20:28:00,-0.9846709681099788,-0.0803335288744648,0.4396337498317853,0.1699771636759906,-0.045997399260666066,261,1,0.0329708719410694,0
2019-11-19 20:29:00,-0.6863580008065064,-0.08282523004398437,0.3509865430240471,0.38927088921378084,-0.0747949245863639,302,1,0.02125494009086004,0
2019-11-19 20:30:00,-0.514548061890001,-0.0018376955444043637,0.17138457682225505,0.5191756816195026,-0.06400378460193382,77,1,0.01412138489949577,0
2019-11-19 20:31:00,-0.3735686083099135,-0.02789880712865385,0.24929191273995868,0.4981557193447185,-0.0031265075014629746,8,1,0.014262409886575567,0
2019-11-19 20:32:00,-0.6332513271820637,0.1853431847997962,0.10948133532029795,0.23546619104078953,0.08397593399060092,8,1,0.02477360464497813,0
2019-11-19 20:33:00,-0.8693902201273644,0.2006315355949808,0.22051013374330938,-0.011441681335047468,0.13610714350043127,8,1,0.06450751103557317,0
2019-11-19 20:34:00,-1.0384718041733525,0.19537000289338796,0.29940802869999555,-0.1292905534123063,0.13622090835867187,8,1,0.07185726991487751,0
2019-11-19 20:35:00,-1.059173746013012,0.190497757541296,0.30895181773637514,-0.09289142421112967,0.09403771144129329,8,1,0.10115174414313027,0
2019-11-19 20:36:00,-0.9946539169163532,0.1927870529116149,0.2816814088103528,-0.0027815061465306617,0.05136008266519658,8,1,0.1347179304529787,0
2019-11-19 20:37:00,-1.0530521155676686,0.18439851709591087,0.3216182521417246,-0.036563963947555796,0.048806658333105546,8,1,0.13753822823058903,0
2019-11-19 20:38:00,-0.8416934184398702,-0.03918822272727525,0.5314743768390975,0.06840007700574506,0.010796739685485612,155,1,0.09743735470763232,0
2019-11-19 20:39:00,-0.5106030346916456,-0.2851546998940775,0.6672168508613731,0.27929689130638974,-0.02614292090591485,445,-1,-0.05381211837182642,1
2019-11-19 20:40:00,-0.5220988688487196,0.03598487724664276,0.31811919446141124,0.30306688166395623,-0.002834493943726102,11,1,0.08437410122119204,0
2019-11-19 20:41:00,-0.5856190256086797,-0.013275445468732829,0.37318603387395444,0.20773143836836025,0.034204136104091405,171,1,0.10549288173732912,0
2019-11-19 20:42:00,-0.7853131122330663,0.12877980507276593,0.2775160429618271,0.06118441245248971,0.07083412603426044,112,1,0.12228262874829415,0
2019-11-19 20:43:00,-0.5639552127482157,0.1353286177232428,0.16897378540819052,0.26052836134341834,0.021135747450306986,65,1,0.10520717247036449,0
2019-11-19 20:44:00,-0.5920514330189706,0.11987610125350182,0.2052609250485086,0.19318934409264896,0.04339568973472153,116,1,0.12921952377905432,0
2019-11-19 20:45:00,-0.526143941578992,0.1362924253653966,0.16907042263096111,0.22038396743154073,0.04491990592695137,65,1,0.10405028864284616,0
2019-11-19 20:46:00,-0.3736504710586331,0.04554061801208473,0.2643882898150574,0.25634622377264255,0.044057802695640164,188,1,0.0883645309589689,0
2019-11-19 20:47:00,-0.41634961019112904,0.08168024844949413,0.21891098162374142,0.212162613089087,0.06263711778543832,161,1,0.08714147850073178,0
2019-11-19 20:48:00,-0.6380294297854793,0.20773099069187684,0.13066001587881132,0.04559520872114005,0.10229732186508396,8,1,0.06082874973713304,0
2019-11-19 20:49:00,-0.7095624725648197,0.08121998784227112,0.3724288869922668,-0.07057656750226593,0.10857254033982408,166,1,0.07313103997229686,0
2019-11-19 20:50:00,-0.8042874486167152,0.19636727503832396,0.22079628729087195,-0.04923430000178267,0.07881270927043339,8,1,0.09873202601132053,0
2019-11-19 20:51:00,-0.9580400883148006,0.17954849751376442,0.26652734647473525,-0.1549347794095724,0.08186356063709065,8,1,0.10197983281560286,0
2019-11-19 20:52:00,-0.9739877445307321,0.15854922843282812,0.3012210715015651,-0.13798790593281354,0.050928233414746144,53,1,0.1120525503289137,0
2019-11-19 20:53:00,-0.9229334004068925,0.08630636288346452,0.3770276260432872,-0.06744520822703012,0.017212757248820276,85,1,0.12213584143300243,0
2019-11-19 20:54:00,-1.0588326559487393,0.16932792288566126,0.29326159491603504,-0.10058216635844884,0.011187990391934438,8,1,0.16056019845802322,0
2019-11-19 20:55:00,-1.0958468533118482,0.17871067887883516,0.31071885616912487,-0.10613492830767687,0.0011236331241814496,8,1,0.1533873360722554,0
2019-11-19 20:56:00,-1.0876627514826513,0.17243778353273928,0.31173442109113675,-0.06840980209434165,-0.015769331236262008,8,1,0.167180360035245,0
2019-11-19 20:57:00,-0.9985419690151006,0.00021946800401700996,0.5073054168924389,-0.05314406133927529,-0.023881030056242716,149,1,0.08848008288329984,0
2019-11-19 20:58:00,-0.6190173506227518,-0.3041814858388496,0.7125897245526751,0.19712058767122026,-0.07489154085110979,528,-1,-0.11694443386066944,1
2019-11-19 20:59:00,-0.2996358696475682,-0.2758434750951929,0.4832673655688566,0.4630950621329991,-0.10318162839004039,530,-1,-0.10406137312842656,1
2019-11-19 21:00:00,-0.10489269252350268,-0.168292024395332,0.34013406717356953,0.5245446126342663,-0.06242175672514067,147,1,3.0706966305804606e-05,0
2019-11-19 21:01:00,-0.17116592882468099,-0.12152854809798685,0.3292190724638101,0.3672668495642889,0.018563886879183835,124,1,0.07159204566100086,0
2019-11-19 21:02:00,-0.3453225589332356,0.02775387441921072,0.24329307553415108,0.16578166566144348,0.08716667622401736,118,1,0.12756616676146237,0
2019-11-19 21:03:00,-0.5594365458835681,0.034508303384780774,0.31697053998860136,-0.008114156513001623,0.11560417658067675,117,1,0.12341632599098268,0
2019-11-19 21:04:00,-0.5958253690354536,0.04267271279026518,0.35791104982873684,-0.046883032813158046,0.10191009891104158,115,1,0.12227454518403202,0
2019-11-19 21:05:00,-0.6926456015986684,0.0500375939144878,0.39296247877275625,-0.09473884713295487,0.09003381418553019,117,1,0.11147793566905456,0
2019-11-19 21:06:00,-0.6330940827733511,0.029379960010598522,0.3820492121760911,-0.0035443754800302454,0.04689591956272132,116,1,0.14794696630917348,0
2019-11-19 21:07:00,-0.3765094042905066,-0.3614849933429998,0.6779686559012582,0.17206038738128243,-0.0022332326451369408,490,-1,-0.09484362019790094,1
2019-11-19 21:08:00,-0.20398089104468978,-0.16961272426557297,0.4099640341046046,0.3091224356861,-0.012539735402418688,122,1,0.061653165012151456,0
2019-11-19 21:09:00,-0.2004550634445621,-0.12580865071769884,0.37955834940233424,0.23988173073792146,0.029268153901419666,134,1,0.0782514939861868,0
2019-11-19 21:10:00,-0.44451284033919525,0.039683162895666875,0.2694637777362194,0.04656170048596118,0.07930024355202875,116,1,0.14093720530932002,0
2019-11-19 21:11:00,-0.5555091849195547,0.04843160251116576,0.3385863008966727,-0.06843223267953856,0.0936148472554661,117,1,0.13614369645909047,0
2019-11-19 21:12:00,-0.6500809444235419,0.043423228085291796,0.36333791914135977,-0.08578274034997667,0.07271619599632931,119,1,0.13212800542513076,0
2019-11-19 21:13:00,-0.48371639638247804,-0.05762021924505236,0.3891490289028864,0.06087220883380143,0.02114147603117841,335,1,0.08933915193000863,0
2019-11-19 21:14:00,-0.2494234186456442,-0.30266107877849086,0.5719162312669953,0.2506090687754569,-0.019550044659790065,272,-1,-0.011617814839757767,1
2019-11-19 21:15:00,-0.10087316039891828,-0.16509217955910047,0.3725733899666833,0.31118135847847495,-0.005362295127603957,102,1,0.05209658919101001,0
2019-11-19 21:16:00,-0.13637763285004006,-0.04341277198270226,0.2381070600768719,0.24419250151234728,0.031232231046749315,129,1,0.1031122243964564,0
2019-11-19 21:17:00,-0.37649622188119003,0.032489822769711206,0.2556628316361053,0.009496588545230472,0.09278646516461146,115,1,0.1335745627361466,0
2019-11-19 21:18:00,-0.4573128567467151,0.04720247813557177,0.27882245152303264,-0.04000367416291991,0.08406949328738941,110,1,0.13600536454255663,0
2019-11-19 21:19:00,-0.4914274755705569,0.0500691754854403,0.3082609024781759,-0.06255679855207291,0.07124913262007432,118,1,0.1405303485852546,0
2019-11-19 21:20:00,-0.4020113667444083,-0.18205533609724558,0.47967570106352087,0.039120338237785296,0.03113437916724685,420,-1,-0.005464435967922787,1
2019-11-19 21:21:00,-0.18402452807234534,-0.19553536386995068,0.4295129333782951,0.22498609511773549,-0.00828205485148217,187,1,0.045460026571678025,0
2019-11-19 21:22:00,-0.15660929440614735,-0.13767018270815978,0.3717080984044459,0.1904024325412574,0.01723183062733538,122,1,0.07801425936662226,0
2019-11-19 21:23:00,-0.24955418180967795,0.010755535959392154,0.21897541835825218,0.11582331662137985,0.04473834156439976,116,1,0.1411842569827127,0
2019-11-19 21:24:00,-0.40329525189457377,0.045579363045481165,0.25055055542525906,-0.023634328833706073,0.07104926921038712,109,1,0.1361661553574796,0
2019-11-19 21:25:00,-0.47500785058286,0.044112309394920945,0.2858480061791193,-0.06361243543372727,0.06428640419714796,110,1,0.1425540586092835,0
2019-11-19 21:26:00,-0.5063806916890018,0.05461264459201639,0.2989006140098241,-0.07383592069929831,0.04862326983668534,115,1,0.15706592155012622,0
2019-11-19 21:27:00,-0.47371358851504364,0.07536263079405346,0.20419852620733145,0.03970902727050808,0.010845192380461267,113,1,0.15472086000953206,0
2019-11-19 21:28:00,-0.6415143626298659,0.1700861442175179,0.11204216617921477,-0.03358759820579702,0.029057182886127762,8,1,0.11796980851242223,0
2019-11-19 21:29:00,-0.8754683235096481,0.1755582657128692,0.2183754052444979,-0.21391607294617113,0.05637375680975799,8,1,0.11060784627179626,0
2019-11-19 21:30:00,-0.8675820491051716,0.18579897009979143,0.207593481891327,-0.1504208769769807,0.015965230750271363,8,1,0.12555354195691432,0
2019-11-19 21:31:00,-0.8272992024412092,0.18003432484224952,0.19251513933665662,-0.07259191465422533,-0.015551272429033015,8,1,0.14274480825843977,0
2019-11-19 21:32:00,-0.7621019053431485,0.1702791655704802,0.16851710818922955,-0.0002555370509737606,-0.033060698605386026,8,1,0.13102104700666833,0
2019-11-19 21:33:00,-0.8277943875049562,0.17453317937784277,0.18838781907638358,-0.04311229443388296,-0.02123805523003312,8,1,0.14700162606692713,0
2019-11-19 21:34:00,-0.8071591415496674,0.17875091067271887,0.18849963423379923,-0.021430761431821127,-0.02945468242095475,8,1,0.13433936174091465,0
2019-11-19 21:35:00,-0.9039251561836947,0.1741224536032793,0.21868498948474568,-0.07835400353678328,-0.011209528848178786,8,1,0.14906509358336667,0
2019-11-19 21:36:00,-1.0333084406715707,0.17514079829848658,0.2921755721900777,-0.1753086579062693,-0.00023215483383259532,8,1,0.14580391600176262,0
2019-11-19 21:37:00,-1.003741297862831,0.166580343614727,0.28823562195000063,-0.10897733531909164,-0.02680032867272787,8,1,0.1644947591664887,0
2019-11-19 21:38:00,-1.015284733117299,0.17798971693818438,0.27228404979753795,-0.0785530709478531,-0.03684900410681302,8,1,0.15197515645486487,0
2019-11-19 21:39:00,-1.093584910764516,0.16739752808848296,0.31157944396418213,-0.1151709463831139,-0.02943934327651165,8,1,0.1652853517450653,0
2019-11-19 21:40:00,-1.0836960990947206,0.16470064539001786,0.3189097612745293,-0.08404247348819065,-0.04288893483525861,8,1,0.16127693353040862,0
2019-11-19 21:41:00,-1.1254133447777233,0.17824164627581346,0.3242219079342297,-0.09453596524648668,-0.04085288340414097,8,1,0.1479306215725102,0
2019-11-19 21:42:00,-1.0971654641511035,0.1711421167360093,0.3155345220090458,-0.03402181141111808,-0.05578985166530621,8,1,0.15580579421382174,0
2019-11-19 21:43:00,-1.1277774739714803,0.16379887298225176,0.3399667003344896,-0.06148754066172738,-0.04288708456286656,8,1,0.16458537429396575,0
2019-11-19 21:44:00,-1.0435253636188364,0.16566907880523826,0.2936611431366168,0.04383548095116189,-0.06718458127215293,8,1,0.1448927187018687,0
2019-11-19 21:45:00,-1.006357077202005,0.16487013925148092,0.2771590569525708,0.0681811208703604,-0.057340221043871945,8,1,0.14710974930268567,0
2019-11-19 21:46:00,-1.105377777646478,0.17648384063847494,0.3159920316843112,-0.02451203780054558,-0.02666632984282401,8,1,0.1611669270168064,0
2019-11-19 21:47:00,-1.118460775781851,0.16678758218626,0.33416414791085625,-0.03069430925222375,-0.023468171024805463,8,1,0.16991518348136453,0
2019-11-19 21:48:00,-1.2194351810478177,0.17103716613183054,0.3714727813828341,-0.09473035589177932,-0.00903834998793435,8,1,0.1464687466359491,0
2019-11-19 21:49:00,-1.2544183247902705,0.17395072340973464,0.39228943240018943,-0.10269077099187603,-0.012802384067812828,10,1,0.11622837703931832,0
2019-11-19 21:50:00,-1.3002363328596631,0.17444039001330738,0.41213414444600915,-0.096973985269105,-0.023847313051961996,10,1,0.09782308956754054,0
2019-11-19 21:51:00,-1.2968578614777408,0.16949052233195352,0.40856099699961573,-0.06648902619130095,-0.03299265253434009,8,1,0.12780071489135875,0
2019-11-19 21:52:00,-1.335126702800457,0.16595444677974427,0.4240294940895733,-0.06972201312699691,-0.0338734001376143,11,1,0.10028896993673475,0
2019-11-19 21:53:00,-1.3593530876792455,0.162210190240399,0.4373760590227413,-0.07426551297223864,-0.03571433559796117,8,1,0.10312345477826967,0
2019-11-19 21:54:00,-1.387166281038986,0.16412790983595213,0.45965168343651536,-0.07972390459374748,-0.03557896696248535,8,1,0.08448267795148323,0
2019-11-19 21:55:00,-1.3456125628366962,0.1618577718493,0.42322999697666075,0.0015613784929519303,-0.056914201787480606,8,1,0.10080762738774413,0
2019-11-19 21:56:00,-1.2814449220320623,0.15791053588064102,0.40085664439295865,0.058896153843314245,-0.0596322720117789,8,1,0.11036325422742904,0
2019-11-19 21:57:00,-1.233578491430411,0.16394596112575072,0.3692839440327295,0.10313469660910676,-0.05704803382943994,8,1,0.13038187762631748,0
2019-11-19 21:58:00,-1.1385005702338538,0.16421774748027954,0.33232680526937713,0.16933036742572527,-0.05620415512892385,8,1,0.13087447344573672,0
2019-11-19 21:59:00,-1.1783014672048906,0.15060087466551633,0.3619489483775048,0.10007399902091575,-0.02058925422674918,8,1,0.1478677552763928,0
2019-11-19 22:00:00,-1.2629317678184713,0.15846308310337195,0.39525075158692596,0.018008725333321252,0.0047993960585318626,8,1,0.1495584980449448,0
2019-11-19 22:01:00,-1.3062860357131434,0.17067690713514122,0.4047324654240611,0.0007701346292700766,0.007349677909603818,8,1,0.13694778833388638,0
2019-11-19 22:02:00,-1.3028382162297674,0.16002073328818459,0.40612068438427307,0.021415832121483607,0.0024605701445801717,8,1,0.14112119228972037,0
2019-11-19 22:03:00,-1.211325930232741,0.1701617262467554,0.35578986702300897,0.11690159429129064,-0.020184270887594655,8,1,0.14840064865957603,0
2019-11-19 22:04:00,-1.0929184383397164,0.15445903892243995,0.3140841597563099,0.1959007667123907,-0.023917059171589213,8,1,0.12546629679738314,0
2019-11-19 22:05:00,-1.0913320037139675,0.15101408876222755,0.3090132283381765,0.17944062682120532,-0.00833446837528641,8,1,0.1406730714522823,0
2019-11-19 22:06:00,-1.0987075800974329,0.1603073871647973,0.3104920068275782,0.1392223506410151,0.014000040096572462,8,1,0.15436971841636304,0
2019-11-19 22:07:00,-1.1558884132350051,0.1602752054272203,0.3358821574236685,0.0814720782296063,0.03272774034186697,8,1,0.15836537625307778,0
2019-11-19 22:08:00,-1.223500022110632,0.16078642143827176,0.375298781000051,0.01172311672838994,0.0450186636703912,8,1,0.1413657467686073,0
2019-11-19 22:09:00,-1.3015495776754882,0.16338892370692026,0.4062753390785345,-0.03620510824852887,0.04614089761428957,8,1,0.11942774519778598,0
2019-11-19 22:10:00,-1.3643716412284415,0.16263663147360405,0.4252611415432485,-0.05957913664358004,0.03873632077921112,8,1,0.09880540069820581,0
2019-11-19 22:11:00,-1.309889932596939,0.16313929016718068,0.41732300441590436,0.006366814477582061,0.00988973274919659,8,1,0.1393331239504757,0
2019-11-19 22:12:00,-1.2270934641643747,0.1558712165407551,0.3590510939401567,0.10930379635947159,-0.01703781215034922,4,1,0.13408747309627506,0
2019-11-19 22:13:00,-1.1382049282022506,0.1570628756329064,0.3354174378411754,0.1641276379004479,-0.01890770970782215,8,1,0.14914324273882656,0
2019-11-19 22:14:00,-1.1151182556913914,0.15575420930612174,0.31488206041490235,0.1629923594755481,-0.004936630356709684,8,1,0.15158166959830066,0
2019-11-19 22:15:00,-1.1781957864169181,0.15705436307309367,0.3457366890376345,0.08807812170762049,0.01915392978463977,8,1,0.15727033120800582,0
2019-11-19 22:16:00,-1.1840058252119285,0.16040600584123252,0.34736744116278895,0.07573648325939392,0.02416347189348525,8,1,0.15703395145193377,0
2019-11-19 22:17:00,-1.1639081787527992,0.1541733468000217,0.3397371254009325,0.09341362507800599,0.021548314785173318,4,1,0.14067896213295583,0
2019-11-19 22:18:00,-1.1348113432483302,0.15298188637966073,0.33422979816013293,0.11271085447772182,0.01733776549901177,8,1,0.15846984774017553,0
2019-11-19 22:19:00,-1.2190048213881615,0.14597761948296192,0.37353795028323405,0.030635930176589502,0.035738312494571337,8,1,0.14688515237397537,0
2019-11-19 22:20:00,-1.2298534347239072,0.1537419404277328,0.3754377364838994,0.036372358300407595,0.02687742252935217,8,1,0.15498545910232103,0
2019-11-19 22:21:00,-1.1959669367349508,0.1370367566195676,0.3692563543690466,0.06958438794753179,0.01423573163097752,8,1,0.14714227875283592,0
2019-11-19 22:22:00,-1.1898975922066832,0.15220739273453793,0.352741971186608,0.07794794320993459,0.012912373577212777,8,1,0.16048292707352885,0
2019-11-19 22:23:00,-1.2233820070988137,0.14820883200441,0.3684126819204694,0.04686205095346321,0.022472249622743773,8,1,0.15302262812943734,0
2019-11-19 22:24:00,-1.3054218431816518,0.14554733697690717,0.4190886781027587,-0.02220191734563739,0.03197276780952296,8,1,0.12988230799392803,0
2019-11-19 22:25:00,-1.2567942720589163,0.14598731000503476,0.3830161466815771,0.046278435399638114,0.006760329741184657,8,1,0.1522025310410544,0
2019-11-19 22:26:00,-1.2963545353555128,0.14969799459534439,0.39694427961373424,0.020349590801289747,0.013497315205045048,8,1,0.15006434123825135,0
2019-11-19 22:27:00,-1.327010783026686,0.14690934772970726,0.42199534921701687,0.00042704087121494936,0.01477162707547122,8,1,0.13612095812224845,0
2019-11-19 22:28:00,-1.321768282173448,0.13392707454621441,0.43090376368687233,0.01900496256520012,0.007247049801886588,8,1,0.13130752447780764,0
2019-11-19 22:29:00,-1.3574599362858568,0.15298518797001961,0.43029697940517164,0.007484852245525346,0.008345230346704084,10,1,0.1042171838959669,0
2019-11-19 22:30:00,-1.35036520394424,0.08368789465513385,0.43196964320273107,0.030766187315339658,0.0026342831926760898,8,1,0.12372818967723964,0
2019-11-19 22:31:00,-1.3569551397525714,0.00645221128066112,0.4437172116681117,0.04103804894003551,0.00019083830603127232,8,1,0.09597469080607574,0
2019-11-19 22:32:00,-1.2470480926936902,-0.002584311758582025,0.3990086823929384,0.13626583205704257,-0.018974822125163205,10,1,0.09977818520826087,0
2019-11-19 22:33:00,-1.302666214673444,0.004109365812479887,0.42221857814497227,0.07374390629911977,0.0037793894164746132,8,1,0.11288268085143777,0
2019-11-19 22:34:00,-1.2994187251079437,0.00792688446189469,0.4114750291908554,0.07701160087965273,0.007022927380805585,11,1,0.10342271307877343,0
2019-11-19 22:35:00,-1.2564253163674364,-0.0030233116401629655,0.3978808865571635,0.10819097922201636,0.004211794955182151,8,1,0.12587735283399448,0
2019-11-19 22:36:00,-1.1884002706611199,0.0015295478010545558,0.3719414267979152,0.16155080916098988,-0.002282023329888301,8,1,0.11553354390723775,0
2019-11-19 22:37:00,-1.1970521224417319,-0.005163138785539319,0.3813061932696217,0.13024396366695712,0.014271656387274555,8,1,0.12387867534385383,0
2019-11-19 22:38:00,-1.297168665541955,0.008585520819027345,0.4157044639201204,0.033829190231033306,0.03951260565771515,8,1,0.10519409054779277,0
2019-11-19 22:39:00,-1.2765226667911085,0.002381816080136979,0.40977475467680535,0.06537891783241263,0.027533857118729504,8,1,0.11749418535603107,0
2019-11-19 22:40:00,-1.274126234890163,-0.002417390386924132,0.4075270097773848,0.06744472727224884,0.02535653011571597,8,1,0.11838259344399615,0
2019-11-19 22:41:00,-1.192481892105264,0.005192200404043863,0.3635725217918936,0.14842583741644214,0.006877004108706032,8,1,0.12867854146536473,0
2019-11-19 22:42:00,-1.1833254398485842,-0.012209194522488698,0.3904183917425773,0.12451295811415751,0.017927773765352772,8,1,0.1208624402243309,0
2019-11-19 22:43:00,-1.1850828869454375,0.0017408594129468796,0.365842659368164,0.11945908260118561,0.02347772178566501,8,1,0.1317045633974434,0
2019-11-19 22:44:00,-0.9557261585618548,-0.00872929603315293,0.2868396605003725,0.30766245478457555,-0.015285426122603462,17,1,0.07576235263046188,0
2019-11-19 22:45:00,-0.9471958526437071,-0.043345143905591674,0.3422956330728813,0.22794089169437057,0.029570118495945753,149,1,0.10193002724294181,0
2019-11-19 22:46:00,-0.6432626479042126,-0.12386412271742084,0.3622173634635447,0.4171638643740532,-0.00578519381729599,300,1,0.029657353098447414,0
2019-11-19 22:47:00,-0.27931363260236103,-0.12420550088922018,0.18702701612767259,0.664600095898899,-0.026415000971774835,249,1,0.005179011148970458,0
2019-11-19 22:48:00,-0.0041727607157057214,-0.1639304491799831,0.12414934605381922,0.7365742880627976,0.011864410983695298,379,-1,-0.011956248123328739,1
2019-11-19 22:49:00,0.1674463957687058,-0.1449638692580785,0.021615469279805857,0.7395499986099907,0.06053518822845351,342,-1,-0.011500016011324554,1
2019-11-19 22:50:00,0.4506380246822536,-0.16610111586469103,-0.09755836361164218,0.838051060414689,0.08016558161752818,346,-1,-0.03524846709304852,1
2019-11-19 22:51:00,0.4303118465904192,-0.1578499372105677,-0.06811825003821215,0.6402752447727633,0.16779396400674057,385,-1,-0.035220559854744926,1
2019-11-19 22:52:00,0.45419925981281745,-0.13319447368608842,-0.10258294927589133,0.5539114524909345,0.19989813513596946,318,-1,-0.016571177611619192,1
2019-11-19 22:53:00,0.45596491666899785,-0.1212743419317727,-0.10924847818297198,0.4619629730591915,0.22294893453394352,349,-1,-0.01019339605500591,1
2019-11-19 22:54:00,0.6417803437573273,-0.1111768047813078,-0.2007590536961058,0.5571050017979792,0.1982730386658245,310,-1,-0.009146120653225176,1
2019-11-19 22:55:00,0.7995745370259509,-0.1620055818285695,-0.20828818391717632,0.5658403884292768,0.204765518106186,418,-1,-0.03759052791205342,1
2019-11-19 22:56:00,0.9316167273225001,-0.11273985251352388,-0.335022446599627,0.6038307340608188,0.20190677950289249,328,1,0.012093232218932326,0
2019-11-19 22:57:00,0.8793638912946367,-0.10939921276844237,-0.3004525525179283,0.4399096902044773,0.24614223933009732,328,1,0.004518451151816483,0
2019-11-19 22:58:00,0.965514961754814,-0.09733815030837377,-0.36001303302468796,0.45811690176125774,0.23119492081627976,302,1,0.005248962257884182,0
2019-11-19 22:59:00,0.9581193369294332,-0.11409647059413107,-0.3325009465245116,0.36168771107748815,0.24456259700328006,313,1,0.014168242980898915,0
2019-11-19 23:00:00,1.0216402186445823,-0.12992325691646547,-0.31327571595382125,0.3468629635712794,0.23430445164674976,387,-1,-0.0097746561312273,1
2019-11-19 23:01:00,0.994180915708692,-0.1012127162444945,-0.3382991130446427,0.2733972671936465,0.23552780828298503,344,1,0.027637404153651235,0
2019-11-19 23:02:00,0.9220689084701915,-0.08457356951113909,-0.3194119079634217,0.17464792907835483,0.2358556220641804,301,1,0.02675934863617979,0
2019-11-19 23:03:00,0.9208894539865037,-0.10462034327167356,-0.2889718570529535,0.15402011099383034,0.21161738214588852,331,1,0.03736866097827418,0
2019-11-19 23:04:00,0.998317624590073,-0.12380675653551727,-0.2980606390125328,0.19372348860840008,0.18290838878606758,374,1,0.040852428369656746,0
2019-11-19 23:05:00,0.9238122432807058,-0.09401186005684593,-0.31313119670254985,0.10502511660042813,0.1868697290104092,343,1,0.05969405849591414,0
2019-11-19 23:06:00,0.9819090246112646,-0.0957472552973288,-0.3288378941823726,0.14564992901678145,0.15167115260124847,328,1,0.08271025961951234,0
2019-11-19 23:07:00,1.0205457868794887,-0.10254272540163202,-0.325289731161823,0.1421807368911563,0.13861193856985027,356,1,0.09753213839759589,0
2019-11-19 23:08:00,0.9435713641613762,-0.10325547820198222,-0.29800379350358086,0.06315236289169855,0.1409907350748356,335,1,0.08783695289395754,0
2019-11-19 23:09:00,1.056003855510237,-0.12088608779182808,-0.32135043818068165,0.13525000241653592,0.10653809086779957,385,1,0.08629536368607243,0
2019-11-19 23:10:00,1.2162257187614338,-0.09184991270803133,-0.4434632835023575,0.2774874977627451,0.0675622121171296,342,1,0.10188555835028434,0
2019-11-19 23:11:00,1.2821452137029439,-0.08917875289128376,-0.4644972027040521,0.25430157205521187,0.08880612568015586,313,1,0.08890214848923766,0
2019-11-19 23:12:00,1.2183378224561232,-0.08846588848070136,-0.43660116692903106,0.15425784141627114,0.11142303503086169,322,1,0.10688750148152865,0
2019-11-19 23:13:00,1.2172152545728994,-0.1147966818394049,-0.3868579871823666,0.0976620270319401,0.11455448822738559,387,1,0.08845234022869536,0
2019-11-19 23:14:00,1.3207506402036098,-0.09334802591332969,-0.4699447575086013,0.18394212704340182,0.0887329933290809,348,1,0.11701329510967212,0
2019-11-19 23:15:00,1.267551287080494,-0.09462289254146293,-0.447996151886164,0.10567662020327563,0.10416129762202854,357,1,0.12666820968419595,0
2019-11-19 23:16:00,1.2590378868743828,-0.09370271918948803,-0.42289080923324845,0.05831170201471209,0.1066178489147238,375,1,0.12373496288611274,0
2019-11-19 23:17:00,1.1707116130348458,-0.08463919028498279,-0.3995053166993914,-0.023737388521815474,0.10979040593908404,333,1,0.12452233618933012,0
2019-11-19 23:18:00,1.1134835101316405,-0.09730259772287884,-0.3541145688629261,-0.07621556894108611,0.10398930056739991,351,1,0.12115386369797632,0
2019-11-19 23:19:00,1.0906253108727875,-0.08844900173456768,-0.3421078393944531,-0.07375948202486111,0.07914118162655849,353,1,0.12492235774182658,0
2019-11-19 23:20:00,1.247599923501618,-0.09899891530287876,-0.42017598349967294,0.07048460434946907,0.034025269408506725,354,1,0.14545942816694685,0
2019-11-19 23:21:00,1.3166115739608226,-0.10495123501007877,-0.4489795822553621,0.10628737057053672,0.02581478905672618,383,1,0.12951337827418474,0
2019-11-19 23:22:00,1.235936028647009,-0.07115574735627389,-0.4366565308306141,0.007408502695892671,0.04946492107155322,323,1,0.15835730740781606,0
2019-11-19 23:23:00,1.3970067811285218,-0.0877855209639467,-0.5051453175331023,0.14004499386447125,0.014656308883376282,326,1,0.13643679114845247,0
2019-11-19 23:24:00,1.387761635449731,-0.08254977067398249,-0.49039035877980713,0.07756542914944381,0.03708306177310695,363,1,0.1436795841950817,0
2019-11-19 23:25:00,1.260202915672207,-0.09066572798957662,-0.4259682439040446,-0.05643002300939631,0.06339331363578948,326,1,0.14796899345647258,0
2019-11-19 23:26:00,1.370666002659829,-0.1039956242122696,-0.47401732564471544,0.0521725158825794,0.025720533608367575,419,1,0.09511482947715932,0
2019-11-19 23:27:00,1.4288989235692984,-0.06583409548097097,-0.5247395639688003,0.07196773761985635,0.02629280656786164,313,1,0.142903202117593,0
2019-11-19 23:28:00,1.4752259320533183,-0.07460077323524403,-0.5512684230647878,0.09057750430195385,0.023481072738398338,306,1,0.11543443183445345,0
2019-11-19 23:29:00,1.4787216795585068,-0.0860517960694047,-0.5293005168286645,0.05777234687152577,0.03312460050773853,323,1,0.14227265190881327,0
2019-11-19 23:30:00,1.5718472083683497,-0.10409172425825629,-0.5563938584324306,0.10969134208426919,0.026191890536402217,416,1,0.061697394886207624,0
2019-11-19 23:31:00,1.404263794608047,-0.062101254092943224,-0.5284168047515907,-0.05032761190505325,0.06147918589068809,314,1,0.1343658263673102,0
2019-11-19 23:32:00,1.3944885261713225,-0.05694470126251386,-0.5228084314624895,-0.06443827709891399,0.05264168251976167,304,1,0.12968329815237567,0
2019-11-19 23:33:00,1.3889674967929488,-0.05914712203597999,-0.5096083992252001,-0.07350283863975679,0.0399614940351357,312,1,0.15202872102400017,0
2019-11-19 23:34:00,1.355255884809945,-0.10446589212726744,-0.4560893277303759,-0.09923907628398829,0.036921011582797716,349,1,0.13884128052714823,0
2019-11-19 23:35:00,1.2490985390874276,-0.07967424792970983,-0.41276424252644095,-0.1808897927855754,0.041637647795546844,370,1,0.14955436231285624,0
2019-11-19 23:36:00,1.2827033387829683,-0.06609406791966699,-0.4669737532242815,-0.11079967831924668,0.008804928254632296,343,1,0.17568665569932224,0
2019-11-19 23:37:00,1.2667933701708962,-0.06276576673131141,-0.45282947687578984,-0.12057522528469788,0.0034119935720525285,301,1,0.17374175330928177,0
2019-11-19 23:38:00,1.2264259856507698,-0.08041218411743062,-0.38658916132728977,-0.159943103904492,0.001545410663228111,348,1,0.16924088775478957,0
2019-11-19 23:39:00,1.2825459114885325,-0.09853836140287091,-0.4119478324696305,-0.08798125548835957,-0.02309331756157462,403,1,0.14436759054874287,0
2019-11-19 23:40:00,1.1864855241360217,-0.06221936078673559,-0.40900493761055917,-0.15662002270593733,-0.011636301282731899,309,1,0.1666733883383999,0
2019-11-19 23:41:00,1.3059155221762702,-0.07784012999370582,-0.4381194078240563,-0.046838140562258414,-0.042504631580730874,315,1,0.17210569236990064,0
2019-11-19 23:42:00,1.4914589383383423,-0.09176706945580555,-0.519965178859509,0.10411857554017688,-0.0682596196354122,369,1,0.11032794700253512,0
2019-11-19 23:43:00,1.6900494479297408,-0.0832524668005319,-0.6337804880176158,0.24179490382821012,-0.07491659506082843,353,1,0.023569076142854195,0
2019-11-19 23:44:00,1.638073783638827,-0.0792119931327403,-0.6123921695960803,0.12079515172531713,-0.01781086210616933,366,1,0.10536412882046575,0
2019-11-19 23:45:00,1.6263594533638672,-0.0666061756248116,-0.6238908672784117,0.07641546397072965,0.0020365622064939617,335,1,0.12009260591134818,0
2019-11-19 23:46:00,1.70863882177597,-0.08286943034951692,-0.629608198178848,0.09319302732005699,0.006032291805314147,369,1,0.09052449845154359,0
2019-11-19 23:47:00,1.5749680405498074,-0.07132551434345423,-0.5705734693894561,-0.04796866790204823,0.04244718451250446,316,1,0.12030245474982393,0
2019-11-19 23:48:00,1.5436876386433331,-0.05610142479436845,-0.5690823858614301,-0.07811932563100508,0.042468297119649154,342,1,0.11837023047011991,0
2019-11-19 23:49:00,1.4376031969395486,-0.07661192218197975,-0.4884376410958485,-0.17726917020505584,0.05021695398136545,333,1,0.13672816340214655,0
2019-11-19 23:50:00,1.2641930591868882,-0.08180728091475747,-0.39772014506688835,-0.3090391061860759,0.05803536143174871,401,1,0.10852210481903046,0
2019-11-19 23:51:00,1.218091371757183,-0.026318646338754602,-0.485627757017249,-0.25694781301454506,0.013888365379070457,285,1,0.09400333419365098,0
2019-11-19 23:52:00,1.00932048196729,-0.05633651445757483,-0.38684154923389485,-0.40623850210799606,0.024320732580152844,263,1,0.07877608655156854,0
2019-11-19 23:53:00,1.0591381637493817,-0.04775860941952129,-0.38903223604656645,-0.2825542939957314,-0.02852290106227341,329,1,0.14083336202919233,0
2019-11-19 23:54:00,1.0500685223904311,-0.06710782311445619,-0.3667456687135824,-0.2644979141382012,-0.047325570929608554,317,1,0.13886059386547278,0
2019-11-19 23:55:00,0.9621047073555403,-0.05246744082122484,-0.3489718953438296,-0.284441114254074,-0.05548121156111791,291,1,0.10423052187669363,0
2019-11-19 23:56:00,0.9129240250578456,-0.06814994096088255,-0.307866708712081,-0.2952623658723677,-0.06033511274106264,326,1,0.0912828906099099,0
2019-11-19 23:57:00,1.090971306178366,-0.10073898098864419,-0.3396902770291714,-0.10796067322460812,-0.11373840540865927,365,1,0.08734341835026815,0
2019-11-19 23:58:00,1.1517783818284435,-0.09410299718380345,-0.38417445315345644,-0.06127579227917079,-0.10633570973490862,352,1,0.11551176687631315,0
2019-11-19 23:59:00,1.0853132833036347,-0.05856731851703298,-0.37460937289535695,-0.13097624601441937,-0.07475574913772642,302,1,0.13441170495331972,0
2019-11-20 00:00:00,1.0074009828149,-0.06810903797092456,-0.3492988903679299,-0.17817388360647737,-0.06373177035353822,318,1,0.1339816944311774,0
2019-11-20 00:01:00,1.0223756087015226,-0.09991359382438567,-0.2954912611473437,-0.16644202306562775,-0.06587125584209522,345,1,0.10337601512145045,0
2019-11-20 00:02:00,1.064162175769753,-0.09395600057351683,-0.32823465008035363,-0.10434790123204021,-0.08026183231536196,407,1,0.08510469913724983,0
2019-11-20 00:03:00,1.166820266605064,-0.0859426886963161,-0.39756999275227056,-0.009072871887213268,-0.09314768909089384,312,1,0.12523096311433884,0
2019-11-20 00:04:00,1.091064445019497,-0.07291769150557872,-0.3669617448173212,-0.09678383417919229,-0.0561877824606244,327,1,0.15884441368551705,0
2019-11-20 00:05:00,1.1571700412147452,-0.10557629520359688,-0.3575715187859959,-0.04672435611594564,-0.0644332461073094,343,1,0.13039027930802066,0
2019-11-20 00:06:00,1.2109485783569316,-0.10589721669837562,-0.40231250807532837,-0.004673242844285263,-0.06447787135555105,393,1,0.12485995295243263,0
2019-11-20 00:07:00,1.1376995666891316,-0.08027663870307869,-0.3762336616133344,-0.09329409921549926,-0.034145000133555536,313,1,0.1624414964745916,0
2019-11-20 00:08:00,1.221307281415404,-0.09973096172571456,-0.3969941968021233,-0.015504024580413783,-0.05402772688453127,351,1,0.15804207214286053,0
2019-11-20 00:09:00,1.2309391149635767,-0.090602827189004,-0.4139589334636793,-0.02545481512515491,-0.04180030649110356,316,1,0.16518029062046202,0
2019-11-20 00:10:00,1.3243916264768971,-0.10964196123474147,-0.44667559169670396,0.04166900599400048,-0.05128487557625128,402,1,0.11800457440640649,0
2019-11-20 00:11:00,1.3857310542324528,-0.08936788069210262,-0.4990700562517904,0.07467487615676735,-0.04305070851482107,350,1,0.15176009134895513,0
2019-11-20 00:12:00,1.308085441179741,-0.07822639261248693,-0.4657503620303213,-0.03273532749060033,-0.005891041287465122,329,1,0.1821637826416091,0
2019-11-20 00:13:00,1.304984605549169,-0.06978982611309772,-0.46256681953770107,-0.05467291441771331,-0.0012230099490913669,313,1,0.18341602331546225,0
2019-11-20 00:14:00,1.195113650351373,-0.1037865360901623,-0.3716439454195664,-0.15414981432182398,0.012849165388703723,397,1,0.1265154358088953,0
2019-11-20 00:15:00,1.2712345083541126,-0.08671854875112776,-0.4343393403087495,-0.06469742800755171,-0.015668429078117264,347,1,0.18114536700315315,0
2019-11-20 00:16:00,1.2687549197914003,-0.07532302551997656,-0.44553523371719056,-0.06598939892474955,-0.015551582886825078,334,1,0.18359312787658094,0
2019-11-20 00:17:00,1.448272395684013,-0.07438066451465986,-0.5322932450385379,0.09381675203698826,-0.05316678356860193,340,1,0.13518039807696347,0
2019-11-20 00:18:00,1.4267096141340425,-0.09669557897905831,-0.49473942657316705,0.01702796883987157,-0.018215455512181886,352,1,0.157604773587791,0
2019-11-20 00:19:00,1.3685694312104282,-0.08262097020345051,-0.48113511734658815,-0.04826540959456137,-0.0012797723331647258,366,1,0.1715665582206271,0
2019-11-20 00:20:00,1.309077914005345,-0.07558276953972408,-0.44930822931691944,-0.1073168117690962,0.012709815346003088,334,1,0.17159223328545897,0
2019-11-20 00:21:00,1.2433940264935628,-0.07402447593965478,-0.43924402060319734,-0.13566075504506409,0.0072084460678817,333,1,0.17448205956106255,0
2019-11-20 00:22:00,1.3077706022446762,-0.0785723957309224,-0.4565609302956363,-0.07868821440302731,-0.013439658626943272,333,1,0.1833499766728115,0
2019-11-20 00:23:00,1.3272400860082392,-0.09594506843167153,-0.4465257017844699,-0.059025952877582735,-0.018872652532192648,374,1,0.1729240327951545,0
2019-11-20 00:24:00,1.4112394739148144,-0.07836689237071968,-0.5161057227102916,0.03056567340435209,-0.038027217492962874,364,1,0.1609595870744412,0
2019-11-20 00:25:00,1.45459704598539,-0.06916111164603082,-0.5338978520973341,0.028639004186793923,-0.028258357257815298,315,1,0.1541791144145035,0
2019-11-20 00:26:00,1.3675015654474427,-0.10022880132997515,-0.4587450111695601,-0.08591127753584127,0.006168130768014196,383,1,0.15407092076549062,0
2019-11-20 00:27:00,1.336232545321007,-0.099824715000858,-0.447451120048443,-0.09937895060928682,0.002507140216317097,378,1,0.16016955931659654,0
2019-11-20 00:28:00,1.393949544914558,-0.06761122229984418,-0.5170550399690085,-0.023794778531926977,-0.020036424833009027,305,1,0.16318925731271805,0
2019-11-20 00:29:00,1.5113455490416499,-0.09110170556256637,-0.5501747808015878,0.05786245510952446,-0.03173999459960121,350,1,0.1321131565149915,0
2019-11-20 00:30:00,1.3234149105990436,-0.06042206465572673,-0.47588435975203686,-0.13442967031750427,0.020029334609840473,304,1,0.1613121650146528,0
2019-11-20 00:31:00,1.3205933656803321,-0.10854858648609737,-0.4292152343087762,-0.13703937111718828,0.006358753287389736,360,1,0.13911671798462627,0
2019-11-20 00:32:00,1.3648896741900776,-0.08863301952555018,-0.44621276038369695,-0.0809682405132721,-0.012324124939754204,377,1,0.17415750287114562,0
2019-11-20 00:33:00,1.345879528120491,-0.07194241275944095,-0.4593947029063742,-0.0972658608106862,-0.011669998414304716,361,1,0.17960138371053075,0
2019-11-20 00:34:00,1.417817557367715,-0.05027077338478274,-0.5237409450559807,-0.016299982342169787,-0.032460669606141884,308,1,0.14768356030526347,0
2019-11-20 00:35:00,1.3615133827431234,-0.08119522264393181,-0.45686290957781506,-0.09514256170616171,-0.007386828612679214,313,1,0.17379657026508655,0
2019-11-20 00:36:00,1.331859816544155,-0.07772838045007997,-0.44696604116087296,-0.10893668475302584,-0.012327899863553033,380,1,0.16909537495685167,0
2019-11-20 00:37:00,1.4135043503840574,-0.06950102680789229,-0.48506072164398206,-0.04369370966331366,-0.02791367598255418,352,1,0.17205261718178322,0
2019-11-20 00:38:00,1.4465741390204192,-0.051314692889458245,-0.5389671916393313,0.01171131559128915,-0.04077617831245296,305,1,0.12742300899006676,0
2019-11-20 00:39:00,1.4609897786486776,-0.07400335654742314,-0.5112944058629465,-0.03438649048120937,-0.018917033698997946,323,1,0.16891308089974472,0
2019-11-20 00:40:00,1.352235380756656,-0.05592649076630042,-0.4577547725879449,-0.14029790452889843,0.006609730297909238,334,1,0.17241337572646837,0
2019-11-20 00:41:00,1.2013195768927887,-0.07797944429132637,-0.37288418287995506,-0.2530300542599488,0.019115765902446877,372,1,0.13894853033718552,0
2019-11-20 00:42:00,1.1305756975241281,-0.050659939971730544,-0.3809622765609154,-0.26173729483608277,-5.451029564775568e-05,314,1,0.1521227549170645,0
2019-11-20 00:43:00,1.194240006300432,-0.08847445243069643,-0.37299669623169374,-0.17330495687667027,-0.03641866106192167,269,1,0.1192034027411778,0
2019-11-20 00:44:00,1.2594238860960976,-0.08775789690695267,-0.4016642756993338,-0.0998180915756526,-0.05467033543436468,399,1,0.1504702158722782,0
2019-11-20 00:45:00,1.2245108007620646,-0.052295796450707734,-0.4249074359079983,-0.11894960277847226,-0.04597881316477165,315,1,0.1682649693989241,0
2019-11-20 00:46:00,1.1305267460914326,-0.04831429448389843,-0.3758251149516432,-0.19334084084700795,-0.029683609598599125,303,1,0.151200056018936,0
2019-11-20 00:47:00,1.2124667504925064,-0.06238996578979955,-0.41407150125777803,-0.10246823856342177,-0.05764252552983715,325,1,0.17041902621119587,0
2019-11-20 00:48:00,1.271812709614365,-0.09969216979030385,-0.3893264869378967,-0.061428795699759266,-0.06250710644108441,412,1,0.11683633591136844,0
2019-11-20 00:49:00,1.3490603717767649,-0.06162683363749299,-0.47505796271722806,0.009560626983228609,-0.06808895496611642,324,1,0.1669889623106373,0
2019-11-20 00:50:00,1.2783734612920203,-0.05209686881544586,-0.44899989820699726,-0.07495518021625847,-0.038147365375926515,306,1,0.16856273361503687,0
2019-11-20 00:51:00,1.3608843958820094,-0.055887440852161435,-0.48534407532005946,0.006810585296464819,-0.05629729826844783,329,1,0.17083011445299473,0
2019-11-20 00:52:00,1.3409775817886394,-0.0978500925572363,-0.4122020818440135,-0.07247397205322456,-0.024667162303148853,371,1,0.16688279764835368,0
2019-11-20 00:53:00,1.1865616571463697,-0.057976004680912206,-0.40761966948744827,-0.17265733865240743,-0.005535571925188181,362,1,0.16520818949546628,0
2019-11-20 00:54:00,1.151609531925973,-0.05204296783569798,-0.3908835628034772,-0.18046880792642586,-0.015950662980174602,306,1,0.15955217778838648,0
2019-11-20 00:55:00,1.2271706712981956,-0.06335883325597019,-0.4218982270102164,-0.0940737270882374,-0.04181143585128434,318,1,0.17361487335102127,0
2019-11-20 00:56:00,1.2623992650493652,-0.09389607166826126,-0.4005339574513338,-0.07829046414981003,-0.04252811628994607,361,1,0.169708307521933,0
2019-11-20 00:57:00,1.22500570943439,-0.07559185359264042,-0.41695954358845494,-0.09514168044304397,-0.03475016430783178,332,1,0.17853617847350384,0
2019-11-20 00:58:00,1.2482693286100064,-0.07895288127985879,-0.41656109048193096,-0.08101286741709061,-0.038943817868895045,360,1,0.18160006799382178,0
2019-11-20 00:59:00,1.3164392292392213,-0.0709628335738084,-0.4615899217171196,-0.021175698954578395,-0.055383039815208465,350,1,0.1782417508695318,0
2019-11-20 01:00:00,1.0881556729672617,-0.04879575019388893,-0.47821877155020204,-0.20080298413787084,-0.0035690638315671124,263,1,0.11667816058213826,0
2019-11-20 01:01:00,1.010516133196439,-0.06277431905128494,-0.36435259058049824,-0.26005190161101627,-0.009777714401809577,355,1,0.13643080501315902,0
2019-11-20 01:02:00,1.0672638444606328,-0.06531633560918511,-0.3862105325770963,-0.17027963328500512,-0.041965568753402724,332,1,0.15704378088870558,0
2019-11-20 01:03:00,1.1456817795437382,-0.058575326799791404,-0.43074172451184745,-0.08480390752884089,-0.06517223332411068,325,1,0.1651209059985363,0
2019-11-20 01:04:00,1.1626629505281803,-0.06806832254051608,-0.43536317203653774,-0.07417014192701783,-0.06239186735037082,382,1,0.15676400646928956,0
2019-11-20 01:05:00,1.207995456313597,-0.05921281019041123,-0.45034636076722695,-0.03910593286873348,-0.06088108240233453,314,1,0.172676414609779,0
2019-11-20 01:06:00,1.2523242452330454,-0.05760300081749554,-0.4696661349545632,-0.0139798889416069,-0.05887966057038364,338,1,0.17946747468939211,0
2019-11-20 01:07:00,1.1618554943493746,-0.08611286684801418,-0.3830699278443603,-0.13034284057110704,-0.02322138416620283,332,1,0.16348453111858657,0
2019-11-20 01:08:00,1.1069157531807892,-0.09332270500319559,-0.35447482452460244,-0.1677728136677024,-0.021272938518306986,434,1,0.09874699330706449,0
2019-11-20 01:09:00,1.1456437025254231,-0.0561466245575812,-0.420712519691034,-0.08963244975635166,-0.045613610216101275,308,1,0.16306297211407345,0
2019-11-20 01:10:00,1.2865709626042425,-0.06441821488986366,-0.47750691224151376,0.025539312044261204,-0.0665039816282541,330,1,0.16704891003965538,0
2019-11-20 01:11:00,1.33285493442178,-0.07421865508103748,-0.4824763134359858,0.03751254114156255,-0.055092170744789344,324,1,0.165859896642295,0
2019-11-20 01:12:00,1.249616178238068,-0.09436385443647433,-0.4115867805616789,-0.07998481077584771,-0.016632300115419326,409,1,0.14690292347420297,0
2019-11-20 01:13:00,1.2614494254976036,-0.0786730405426191,-0.43506670018781674,-0.05870104192527916,-0.02491671232555605,362,1,0.18498099935652523,0
2019-11-20 01:14:00,1.346447622721628,-0.06234010821548734,-0.5130251317411951,0.020596796221369933,-0.03982331004359034,336,1,0.17315204320203192,0
2019-11-20 01:15:00,1.3747719605978688,-0.07642620478711515,-0.4996682718252367,0.01139570831761964,-0.028178798515227785,324,1,0.1766323653225343,0
2019-11-20 01:16:00,1.4287313601921516,-0.09973984553052112,-0.4849255988524397,0.016874163725693923,-0.024590722441711406,385,1,0.14599049110576895,0
2019-11-20 01:17:00,1.307927800090792,-0.07190031545992218,-0.46383927303411504,-0.09302728504007413,0.006244718146778715,375,1,0.16814145994051927,0
2019-11-20 01:18:00,1.4703530630525612,-0.07649881384443881,-0.5378786286187318,0.05289748945794503,-0.032669369963046424,352,1,0.1461145279988701,0
2019-11-20 01:19:00,1.4848019780339368,-0.08551552792687092,-0.5245608655960845,0.023915375127313794,-0.014540263884867427,351,1,0.15063760904348933,0
2019-11-20 01:20:00,1.2874189533217484,-0.06047553372532071,-0.4599200018942697,-0.1691877490653475,0.03258200830818722,363,1,0.15224283922410348,0
2019-11-20 01:21:00,1.2445401650028962,-0.10717626064642485,-0.3734092079933866,-0.1917454555392409,0.015452483801152769,350,1,0.13349019140147017,0
2019-11-20 01:22:00,1.3264438064646988,-0.08515909630352543,-0.454612468452155,-0.0827194793598089,-0.019456857017111244,394,1,0.16510220459679148,0
2019-11-20 01:23:00,1.4942648797870695,-0.0721578766046644,-0.5470223768381784,0.06508653344211036,-0.05134131821733265,339,1,0.13658067768885607,0
2019-11-20 01:24:00,1.5505562680592386,-0.06733360728771727,-0.5829186813680107,0.088401428073532,-0.04315485275434214,335,1,0.12287348230568379,0
2019-11-20 01:25:00,1.4564298726590414,-0.08786344337628126,-0.5019401278344787,-0.04924855997433186,0.001887317896781757,346,1,0.16061249883191508,0
2019-11-20 01:26:00,1.37335535356009,-0.09464016892142335,-0.47143587986774893,-0.12519459057374333,0.01508455523836979,418,1,0.10405181181076506,0
2019-11-20 01:27:00,1.3926755817511638,-0.05788822611711904,-0.508320528777375,-0.08507738653537375,-0.007805587018453121,318,1,0.166699748942081,0
2019-11-20 01:28:00,1.2977229842604077,-0.04709974404998191,-0.4727220280754193,-0.16585343477081615,0.006405889984727767,325,1,0.16350429844189412,0
2019-11-20 01:29:00,1.3488858892895297,-0.04996704319770474,-0.4948453884849507,-0.10915202423055713,-0.017746149841872675,311,1,0.16726152026998797,0
2019-11-20 01:30:00,1.3656542109767458,-0.11067403338185912,-0.4314116501505704,-0.11825060968501332,-0.0180978227862175,406,1,0.11475019376992912,0
2019-11-20 01:31:00,1.2929961691509058,-0.05994265737657372,-0.46187400557404423,-0.13902908370443126,-0.020498943823583752,341,1,0.17936202483626068,0
2019-11-20 01:32:00,1.3327612965083737,-0.06135673955188487,-0.47093709697383174,-0.10380596092778621,-0.03152592643795909,314,1,0.174832795660621,0
2019-11-20 01:33:00,1.276829545261927,-0.05137792882061022,-0.46168207937045874,-0.1460847154555846,-0.022179760271994,321,1,0.17552199475421953,0
2019-11-20 01:34:00,1.2565285892609532,-0.10580343591095648,-0.39519466196230757,-0.1711112593620312,-0.0226035220802287,400,1,0.12981300615698887,0
2019-11-20 01:35:00,1.232664469659741,-0.05717687768185493,-0.44073380490288455,-0.14462796805638095,-0.039409634726168534,343,1,0.17528519238976015,0
2019-11-20 01:36:00,1.2512643408191042,-0.05414775845538416,-0.45173260757704325,-0.11400859563171248,-0.04565137417465157,315,1,0.17055743348173752,0
2019-11-20 01:37:00,1.4078388136529745,-0.0688312040746061,-0.5082798725746165,0.014056794295928762,-0.07274854873046614,339,1,0.15052583122911806,0
2019-11-20 01:38:00,1.4625187976480398,-0.09477713952383193,-0.5002746332811545,0.025969964766466385,-0.06163579818721967,373,1,0.13960838693519545,0
2019-11-20 01:39:00,1.4330122854324812,-0.08144316177203334,-0.5043858612708414,-0.021785096932847,-0.037703482715435055,404,1,0.1334265499982844,0
2019-11-20 01:40:00,1.6983518796532953,-0.07127112504389657,-0.6357744704715879,0.209447499490016,-0.0867269126078141,345,1,0.031162699549650008,0
2019-11-20 01:41:00,1.8893367748450471,-0.07147186171899499,-0.7185202130095136,0.2887177012424186,-0.061757546352106514,360,1,0.0004508177485335052,0
2019-11-20 01:42:00,1.640175072231707,-0.05476053764358394,-0.6224623737362025,0.0012872263871649206,0.0285748092933067,342,1,0.10941894038028405,0
2019-11-20 01:43:00,1.6971906707693678,-0.07373736870462454,-0.615089772450995,0.026406793573921925,0.01722865190351834,406,1,0.08254928754054136,0
2019-11-20 01:44:00,1.638944168869177,-0.04232500355016857,-0.625972194930429,-0.04086305783302398,0.03843162769925932,319,1,0.08688943070786653,0
2019-11-20 01:45:00,1.4704439043595128,-0.058938306021189636,-0.5269305790138918,-0.18291696238052124,0.05627864306708096,349,1,0.12332681935681439,0
2019-11-20 01:46:00,1.4601129827867156,-0.08904027938945064,-0.47814949757479874,-0.1856066987966953,0.03672702498728471,427,1,0.07705847334116867,0
2019-11-20 01:47:00,1.327810024182872,-0.04048600711959526,-0.47931991918933337,-0.2562858764591707,0.034551486583370934,328,1,0.13331395693889714,0
2019-11-20 01:48:00,1.217314542072398,-0.05120128005268639,-0.4264290580671755,-0.31189130892293654,0.024263554513692137,313,1,0.14033876831340103,0
2019-11-20 01:49:00,1.3988310908264991,-0.046631573389132826,-0.5015696032916339,-0.10542503757217138,-0.046441192605149145,318,1,0.14856619982690827,0
2019-11-20 01:50:00,1.6404000422839227,-0.05822175447289611,-0.6136298926361693,0.10234396580408711,-0.08378670428997842,330,1,0.07857892618501278,0
2019-11-20 01:51:00,1.572527906401693,-0.09196889224320673,-0.5442124150172758,-0.02762711491488803,-0.0342258891167985,430,1,0.07079439065857074,0
2019-11-20 01:52:00,1.3149160612455593,-0.03741659390917635,-0.47584853170743324,-0.2362824563343285,0.01413243480576706,318,1,0.13589280941269483,0
2019-11-20 01:53:00,1.2184312553677743,-0.051739483975286285,-0.4214905304545353,-0.28175137565090536,0.003975546544076782,330,1,0.15850773492993586,0
2019-11-20 01:54:00,1.2497133373153484,-0.05143568816063959,-0.42899228309131615,-0.21373875089110778,-0.02804744270214264,322,1,0.16067232339800158,0
2019-11-20 01:55:00,1.2769094238710916,-0.0817162567662233,-0.40378259674092953,-0.18242937803058656,-0.045008448183908,422,1,0.12137338137065457,0
2019-11-20 01:56:00,1.3743653113946595,-0.047144894003107715,-0.5033792715265588,-0.05850197241007128,-0.07511511019567617,346,1,0.13462518447459387,0
2019-11-20 01:57:00,1.508950721932436,-0.04240912356561917,-0.5689534579639062,0.04824289950071732,-0.08731131350863922,319,1,0.08525822970484204,0
2019-11-20 01:58:00,1.5413378884018645,-0.03597820673334145,-0.5983868492220291,0.05019748032903252,-0.0666856441461299,324,1,0.09595581174462675,0
2019-11-20 01:59:00,1.640736646239848,-0.07591166409382022,-0.5791452817225452,0.0686193272569817,-0.053254202278844434,368,1,0.10494149821549487,0
2019-11-20 02:00:00,1.5293024123570476,-0.05098029100365314,-0.5605365743892076,-0.04587215431045986,-0.019573246156482184,391,1,0.09968375346011393,0
2019-11-20 02:01:00,1.625120960518746,-0.04191381556427636,-0.6336439529560837,0.04174963922900574,-0.03783768312969086,321,1,0.09237505130177814,0
2019-11-20 02:02:00,1.5484041811176228,-0.035355142985322635,-0.5852434366644772,-0.06882083463980664,-0.0005456534806216214,324,1,0.11307986914657969,0
2019-11-20 02:03:00,1.4683038950366532,-0.038713705346437546,-0.5376841210061941,-0.14085433608912523,0.009824856997511809,325,1,0.13406621037319416,0
2019-11-20 02:04:00,1.529833918052962,-0.07786455219290947,-0.5340556532374174,-0.0769013595516525,-0.016143653226883693,384,1,0.126033977986429,0
2019-11-20 02:05:00,1.6093243300995652,-0.04938667958592082,-0.5988928392636319,-0.002550279995100432,-0.029011487592507934,377,1,0.1058788298454803,0
2019-11-20 02:06:00,1.409505504911272,-0.032072460825832635,-0.5283879001232782,-0.19429620248188836,0.016437837518718572,315,1,0.11873125624626907,0
2019-11-20 02:07:00,1.385417303223623,-0.03864057155263273,-0.49482478224672166,-0.19853375939956752,-9.43303354163904e-05,317,1,0.15175678128381231,0
2019-11-20 02:08:00,1.2294537615144747,-0.027255221217394016,-0.4956925070361972,-0.29666452939323773,0.01034528497074491,356,1,0.10417871899917669,0
2019-11-20 02:09:00,0.5534430460457134,0.10229085629401388,-0.3850178261395554,-0.7635554342027668,0.08125481889372908,8,-1,-0.06307196487598965,1
2019-11-20 02:10:00,0.28295108498952015,0.08970275091661137,-0.2515626656293414,-0.8482584581311546,0.03001884566368511,8,-1,-0.046419393777987095,1
2019-11-20 02:11:00,-0.019067681959072522,0.10247301060047752,-0.11931264452652399,-0.9312769260631603,-0.017368212568176937,8,-1,-0.02376025062649656,1
2019-11-20 02:12:00,-0.13886727838902233,0.08847544146207714,-0.07028704341765417,-0.8419153736806957,-0.09856553642324102,8,-1,-0.025541897768161514,1
2019-11-20 02:13:00,-0.3037517820831337,0.08156814779505481,0.013488183940502779,-0.8287988702125458,-0.14458705695373258,8,-1,-0.03779871784490829,1
2019-11-20 02:14:00,-0.45075086238278955,0.08269308008054935,0.07479394829853127,-0.8016969893874807,-0.1857137069623384,8,-1,-0.03161205950265977,1
2019-11-20 02:15:00,-0.5464560546977136,0.08059867165360275,0.11611797647694833,-0.7377700088478177,-0.22279685414601424,8,-1,-0.0128354692012983,1
2019-11-20 02:16:00,-0.7130335864153495,0.08023356646532956,0.2029748460057712,-0.7537483943289487,-0.2326769098414212,8,1,0.0022818438243059624,0
2019-11-20 02:17:00,-0.6883608977540828,0.06791388719842678,0.18782832212032136,-0.5920054241070792,-0.28363608805379265,8,-1,-0.0053550364486837365,1
2019-11-20 02:18:00,-0.7384725288914841,0.07117048023617055,0.19634181035194823,-0.5340850530986563,-0.28869947832757714,8,-1,-3.753073659606976e-05,1
2019-11-20 02:19:00,-0.7875763440956555,0.0737294744856356,0.22779480722015552,-0.4989292341899166,-0.2847403659010711,8,1,0.012140166054949941,0
2019-11-20 02:20:00,-0.8344734395945458,0.062056683590089666,0.24027503776867906,-0.4508005723569024,-0.28512299188181495,13,1,0.011307315946108565,0
2019-11-20 02:21:00,-0.8035295624512051,0.06776330485843785,0.23183213588152166,-0.3649789835292986,-0.2877917886914514,13,1,0.013008072118472547,0
2019-11-20 02:22:00,-0.8050490604303532,0.05495725340704833,0.22783922436926188,-0.30682163149301056,-0.2785076319363793,8,1,0.03929603728720088,0
2019-11-20 02:23:00,-0.8456919790072572,0.06358182467752127,0.2507208248978631,-0.3116103841661134,-0.2517835214797919,8,1,0.044874699673002394,0
2019-11-20 02:24:00,-0.9209556577354618,0.05311965906178021,0.2760492175722332,-0.31852464216160237,-0.23280724868664693,8,1,0.04829403232036289,0
2019-11-20 02:25:00,-0.8180996089890171,0.05826375408099031,0.23684200708181188,-0.18871710837008246,-0.24456155925289583,8,1,0.0630417482577762,0
2019-11-20 02:26:00,-0.9191776300011084,0.04960575773354767,0.2833811342731502,-0.26026665641453334,-0.20238258102791265,8,1,0.07141923065689482,0
2019-11-20 02:27:00,-1.014825740124452,0.05208487106352746,0.31937344175822263,-0.2934806465068531,-0.18249510131414928,8,1,0.0636815800832885,0
2019-11-20 02:28:00,-0.9376851840180478,0.059800453167805405,0.2800219562393685,-0.18077068238481528,-0.1970281269127112,8,1,0.08563687870072773,0
2019-11-20 02:29:00,-1.0424746620006389,0.05389790478552142,0.328915879148411,-0.24693606511157903,-0.16646834993858983,8,1,0.08622475785967432,0
